{"Random Forest": {"cv_accuracy": 0.9954830472407433, "cv_std": 0.004388080025466522, "test_accuracy": 0.996996996996997}, "Logistic Regression": {"cv_accuracy": 0.8297999716271811, "cv_std": 0.01789251145958381, "test_accuracy": 0.7987987987987988}, "Support Vector Machine": {"cv_accuracy": 0.8644545325578097, "cv_std": 0.024629338479798153, "test_accuracy": 0.8408408408408409}, "Gradient Boosting": {"cv_accuracy": 0.9917179741807349, "cv_std": 0.0036811521047413398, "test_accuracy": 0.987987987987988}, "k-Nearest Neighbors": {"cv_accuracy": 0.8968477798269259, "cv_std": 0.021318542724940513, "test_accuracy": 0.9219219219219219}}